Codi,Nom,Data,Precipitacio_mm
C6,Castellnou de Seana,2026-08-10,0.2
C7,Tàrrega,2026-08-10,2.5
C8,Cervera,2026-08-10,0.3
C9,Mas de Barberans,2026-08-10,1.0
CC,Orís,2026-08-10,0.1
CD,la Seu d'Urgell - Bellestar,2026-08-10,0.0
CE,els Hostalets de Pierola,2026-08-10,7.2
CG,Molló - Fabert,2026-08-10,0.1
CI,Sant Pau de Segúries,2026-08-10,0.2
CJ,Organyà,2026-08-10,0.4
CL,Sant Salvador de Guardiola,2026-08-10,0.1
CP,Sant Romà d'Abella,2026-08-10,0.0
CQ,Vilanova de Meià,2026-08-10,0.4
CR,la Quar,2026-08-10,0.5
CT,el Pont de Suert,2026-08-10,0.0
CW,l'Espluga de Francolí,2026-08-10,0.0
CY,Muntanyola,2026-08-10,0.0
D1,Margalef,2026-08-10,0.1
D2,Vacarisses,2026-08-10,0.2
D3,Vallirana,2026-08-10,2.4
D4,Roses,2026-08-10,0.0
D5,Barcelona - Observatori Fabra,2026-08-10,0.0
D6,Portbou - coll dels Belitres,2026-08-10,0.0
D7,Vinebre,2026-08-10,0.0
D8,Horta de Sant Joan,2026-08-10,0.2
D9,el Vendrell,2026-08-10,0.0
DB,el Perelló,2026-08-10,0.0
DF,la Bisbal d'Empordà,2026-08-10,0.0
DG,Núria (1.971 m),2026-08-10,0.3
DI,Font-rubí,2026-08-10,0.0
DJ,Banyoles,2026-08-10,0.0
DK,Torredembarra,2026-08-10,0.0
DL,Illa de Buda,2026-08-10,0.0
DN,Anglès,2026-08-10,0.0
DO,Castell d'Aro,2026-08-10,0.0
DP,Das - Aeròdrom,2026-08-10,0.3
DQ,Vila-rodona,2026-08-10,0.0
H1,Òdena,2026-08-10,0.0
J5,Pantà de Darnius - Boadella,2026-08-10,0.0
KE,Pantà de Sau,2026-08-10,0.0
KP,Fogars de la Selva,2026-08-10,0.0
KX,la Roca del Vallès - ETAP Cardedeu,2026-08-10,0.0
M6,Sant Joan de les Abadesses,2026-08-10,0.2
MQ,Cardona,2026-08-10,0.4
MR,Pantà de Siurana,2026-08-10,0.0
MS,Castellar de n'Hug - el Clot del Moro,2026-08-10,1.1
MV,Guixers - Valls,2026-08-10,0.4
MW,Navès,2026-08-10,0.7
U2,Sant Pere Pescador,2026-08-10,0.0
U3,Sant Martí Sarroca,2026-08-10,13.0
U4,Castellnou de Bages,2026-08-10,0.5
U6,Vinyols i els Arcs - Cambrils,2026-08-10,0.2
U7,Aldover,2026-08-10,0.4
U9,l'Aldea,2026-08-10,0.3
UA,l'Ametlla de Mar,2026-08-10,1.7
UB,la Tallada d'Empordà,2026-08-10,0.0
UE,Torroella de Montgrí,2026-08-10,0.0
UF,PN del Garraf - el Rascler,2026-08-10,1.6
UH,el Montmell,2026-08-10,0.0
UI,Gisclareny,2026-08-10,0.3
UJ,Santa Coloma de Queralt,2026-08-10,0.0
UK,Sant Pere de Ribes - PN del Garraf,2026-08-10,7.0
UM,la Granadella,2026-08-10,2.1
UN,Cassà de la Selva,2026-08-10,0.0
UO,Fornells de la Selva,2026-08-10,0.0
UP,Cabrils,2026-08-10,0.0
UQ,Dosrius - PN Montnegre Corredor,2026-08-10,0.0
US,les Cases d'Alcanar,2026-08-10,0.0
UU,Amposta,2026-08-10,0.0
UW,els Alfacs,2026-08-10,1.0
UX,Ulldecona - els Valentins,2026-08-10,0.8
UY,Os de Balaguer - el Monestir d'Avellanes,2026-08-10,0.0
V1,Vallfogona de Balaguer,2026-08-10,0.0
V4,Montesquiu,2026-08-10,0.4
V5,Perafita,2026-08-10,0.1
V8,el Poal,2026-08-10,0.1
VA,Ascó,2026-08-10,0.1
VB,Benissanet,2026-08-10,0.0
VC,Pantà de Riba-roja,2026-08-10,0.0
VD,el Canós,2026-08-10,2.5
VH,Gimenells,2026-08-10,0.0
VK,Raimat,2026-08-10,0.0
VM,Vilanova de Segrià,2026-08-10,0.0
VO,Lladurs,2026-08-10,0.9
VP,Pinós,2026-08-10,3.5
VQ,Constantí,2026-08-10,1.2
VS,Lac Redon (2.245 m),2026-08-10,6.0
VU,Rellinars,2026-08-10,0.8
VV,Sant Llorenç Savall,2026-08-10,0.5
VX,Tagamanent - PN del Montseny,2026-08-10,0.0
VY,Nulles,2026-08-10,0.0
VZ,Espolla,2026-08-10,0.0
W1,Castelló d'Empúries,2026-08-10,0.0
W4,Vilafranca del Penedès - la Granada,2026-08-10,0.0
W5,Oliana,2026-08-10,0.1
W8,Blancafort,2026-08-10,0.0
W9,la Vall d'en Bas,2026-08-10,0.0
WA,Oliola,2026-08-10,0.1
WB,Albesa,2026-08-10,0.0
WC,Golmés,2026-08-10,0.3
WG,Algerri,2026-08-10,0.0
WI,Maials,2026-08-10,0.0
WJ,el Masroig,2026-08-10,0.0
WK,Alfarràs,2026-08-10,0.0
WL,Sant Martí de Riucorb,2026-08-10,0.8
WM,Santuari de Queralt,2026-08-10,1.9
WN,Montserrat - Sant Dimes,2026-08-10,1.4
WO,la Bisbal del Penedès,2026-08-10,0.2
WP,Canaletes,2026-08-10,0.0
WQ,Montsec d'Ares (1.571 m),2026-08-10,0.1
WR,Torroja del Priorat,2026-08-10,0.0
WS,Viladrau,2026-08-10,0.0
WT,Malgrat de Mar,2026-08-10,0.0
WU,Badalona - Museu,2026-08-10,0.0
WV,Guardiola de Berguedà,2026-08-10,0.5
WW,Artés,2026-08-10,0.0
WX,Camarasa,2026-08-10,0.0
WZ,Cunit,2026-08-10,1.4
X1,Falset,2026-08-10,0.0
X3,Alguaire,2026-08-10,0.0
X4,Barcelona - el Raval,2026-08-10,0.0
X5,PN dels Ports,2026-08-10,1.1
X6,Baldomar,2026-08-10,0.0
X7,Torres de Segre,2026-08-10,0.0
X8,Barcelona - Zona Universitària,2026-08-10,0.0
X9,Caldes de Montbui,2026-08-10,0.2
XA,la Panadella,2026-08-10,0.0
XB,la Llacuna,2026-08-10,0.2
XC,Castellbisbal,2026-08-10,1.2
XD,Ulldemolins,2026-08-10,0.3
XE,Tarragona - Complex Educatiu,2026-08-10,0.0
XF,Sabadell - Parc Agrari,2026-08-10,1.0
XG,Parets del Vallès,2026-08-10,1.6
XH,Sort,2026-08-10,0.0
XI,Mollerussa,2026-08-10,0.1
XJ,Girona,2026-08-10,0.0
XK,Puig Sesolles (1.666 m),2026-08-10,0.2
XL,el Prat de Llobregat,2026-08-10,0.0
XM,els Alamús,2026-08-10,0.0
XN,Seròs,2026-08-10,0.0
XO,Vic,2026-08-10,0.0
XP,Gandesa,2026-08-10,0.1
XQ,Tremp,2026-08-10,0.3
XR,Prades,2026-08-10,0.0
XS,Santa Coloma de Farners,2026-08-10,0.0
XT,Solsona,2026-08-10,0.9
XU,Canyelles,2026-08-10,0.0
XV,Sant Cugat del Vallès - CAR,2026-08-10,0.2
XX,Anglesola - Tornabous,2026-08-10,0.1
XY,Alcarràs,2026-08-10,0.0
XZ,Torroella de Fluvià,2026-08-10,0.0
Y4,Alinyà,2026-08-10,1.5
Y5,Navata,2026-08-10,0.0
Y6,Tivissa,2026-08-10,0.0
YA,Puigcerdà,2026-08-10,0.0
YB,Olot,2026-08-10,0.0
YC,la Pobla de Segur,2026-08-10,0.0
YD,les Borges Blanques,2026-08-10,0.8
YE,Massoteres,2026-08-10,0.0
YF,Miami Platja,2026-08-10,0.0
YG,Tírvia,2026-08-10,0.0
YH,Pujalt,2026-08-10,2.8
YJ,Lleida - la Femosa,2026-08-10,0.0
YK,Terrassa,2026-08-10,4.0
YL,Riudecanyes,2026-08-10,0.0
YM,Granollers,2026-08-10,0.3
YN,Vielha - Elipòrt,2026-08-10,1.1
YO,Sant Sadurní d'Anoia,2026-08-10,6.7
YP,Palafrugell,2026-08-10,0.0
YQ,Port de Barcelona - ZAL Prat,2026-08-10,0.0
YR,Vilanova i la Geltrú,2026-08-10,0.0
YS,Cabanes,2026-08-10,0.0
YT,Bonabé (1.691 m),2026-08-10,0.6
YU,Cantonigròs,2026-08-10,0.0
YV,Mataró,2026-08-10,0.0
YX,Batea,2026-08-10,0.0
YY,Viladecans - les Filipines,2026-08-10,0.0
Z1,Bonaigua (2.262 m),2026-08-10,19.7
Z2,Boí (2.537 m),2026-08-10,0.0
Z3,Malniu (2.229 m),2026-08-10,0.3
Z5,Certascan (2.398 m),2026-08-10,1.4
Z6,Sasseuva (2.226 m),2026-08-10,0.8
Z7,Espot (2.519 m),2026-08-10,2.0
Z9,Cadí Nord (2.145 m) - Prat d'Aguiló,2026-08-10,0.8
ZB,Salòria (2.451 m),2026-08-10,0.0
ZC,Ulldeter (2.413 m),2026-08-10,0.4
ZE,el Port del Comte (2.288 m),2026-08-10,2.5
C6,Castellnou de Seana,2026-08-11,0.0
C7,Tàrrega,2026-08-11,0.0
C8,Cervera,2026-08-11,0.0
C9,Mas de Barberans,2026-08-11,0.0
CC,Orís,2026-08-11,0.4
CD,la Seu d'Urgell - Bellestar,2026-08-11,1.5
CE,els Hostalets de Pierola,2026-08-11,0.1
CG,Molló - Fabert,2026-08-11,9.1
CI,Sant Pau de Segúries,2026-08-11,2.4
CJ,Organyà,2026-08-11,15.4
CL,Sant Salvador de Guardiola,2026-08-11,0.0
CP,Sant Romà d'Abella,2026-08-11,0.0
CQ,Vilanova de Meià,2026-08-11,1.8
CR,la Quar,2026-08-11,24.5
CT,el Pont de Suert,2026-08-11,0.0
CW,l'Espluga de Francolí,2026-08-11,0.0
CY,Muntanyola,2026-08-11,0.4
D1,Margalef,2026-08-11,0.0
D2,Vacarisses,2026-08-11,0.3
D3,Vallirana,2026-08-11,0.0
D4,Roses,2026-08-11,0.0
D5,Barcelona - Observatori Fabra,2026-08-11,0.0
D6,Portbou - coll dels Belitres,2026-08-11,0.0
D7,Vinebre,2026-08-11,0.0
D8,Horta de Sant Joan,2026-08-11,0.0
D9,el Vendrell,2026-08-11,0.0
DB,el Perelló,2026-08-11,0.0
DF,la Bisbal d'Empordà,2026-08-11,0.0
DG,Núria (1.971 m),2026-08-11,30.1
DI,Font-rubí,2026-08-11,0.0
DJ,Banyoles,2026-08-11,0.5
DK,Torredembarra,2026-08-11,0.0
DL,Illa de Buda,2026-08-11,0.0
DN,Anglès,2026-08-11,0.6
DO,Castell d'Aro,2026-08-11,0.0
DP,Das - Aeròdrom,2026-08-11,15.0
DQ,Vila-rodona,2026-08-11,0.0
H1,Òdena,2026-08-11,0.0
J5,Pantà de Darnius - Boadella,2026-08-11,0.0
KE,Pantà de Sau,2026-08-11,0.2
KP,Fogars de la Selva,2026-08-11,0.6
KX,la Roca del Vallès - ETAP Cardedeu,2026-08-11,0.0
M6,Sant Joan de les Abadesses,2026-08-11,10.1
MQ,Cardona,2026-08-11,0.6
MR,Pantà de Siurana,2026-08-11,0.0
MS,Castellar de n'Hug - el Clot del Moro,2026-08-11,15.6
MV,Guixers - Valls,2026-08-11,29.7
MW,Navès,2026-08-11,19.9
U2,Sant Pere Pescador,2026-08-11,0.0
U3,Sant Martí Sarroca,2026-08-11,2.8
U4,Castellnou de Bages,2026-08-11,0.0
U6,Vinyols i els Arcs - Cambrils,2026-08-11,0.0
U7,Aldover,2026-08-11,0.0
U9,l'Aldea,2026-08-11,0.0
UA,l'Ametlla de Mar,2026-08-11,0.0
UB,la Tallada d'Empordà,2026-08-11,0.0
UE,Torroella de Montgrí,2026-08-11,0.0
UF,PN del Garraf - el Rascler,2026-08-11,0.1
UH,el Montmell,2026-08-11,0.0
UI,Gisclareny,2026-08-11,9.9
UJ,Santa Coloma de Queralt,2026-08-11,0.0
UK,Sant Pere de Ribes - PN del Garraf,2026-08-11,0.1
UM,la Granadella,2026-08-11,0.0
UN,Cassà de la Selva,2026-08-11,0.0
UO,Fornells de la Selva,2026-08-11,0.3
UP,Cabrils,2026-08-11,0.0
UQ,Dosrius - PN Montnegre Corredor,2026-08-11,0.4
US,les Cases d'Alcanar,2026-08-11,0.0
UU,Amposta,2026-08-11,0.0
UW,els Alfacs,2026-08-11,0.0
UX,Ulldecona - els Valentins,2026-08-11,0.0
UY,Os de Balaguer - el Monestir d'Avellanes,2026-08-11,0.0
V1,Vallfogona de Balaguer,2026-08-11,0.0
V4,Montesquiu,2026-08-11,1.4
V5,Perafita,2026-08-11,1.5
V8,el Poal,2026-08-11,0.0
VA,Ascó,2026-08-11,0.0
VB,Benissanet,2026-08-11,0.0
VC,Pantà de Riba-roja,2026-08-11,0.0
VD,el Canós,2026-08-11,0.0
VH,Gimenells,2026-08-11,0.0
VK,Raimat,2026-08-11,0.0
VM,Vilanova de Segrià,2026-08-11,0.0
VO,Lladurs,2026-08-11,80.0
VP,Pinós,2026-08-11,0.0
VQ,Constantí,2026-08-11,0.0
VS,Lac Redon (2.245 m),2026-08-11,15.4
VU,Rellinars,2026-08-11,0.3
VV,Sant Llorenç Savall,2026-08-11,0.4
VX,Tagamanent - PN del Montseny,2026-08-11,0.1
VY,Nulles,2026-08-11,0.0
VZ,Espolla,2026-08-11,0.0
W1,Castelló d'Empúries,2026-08-11,0.0
W4,Vilafranca del Penedès - la Granada,2026-08-11,0.1
W5,Oliana,2026-08-11,5.1
W8,Blancafort,2026-08-11,0.0
W9,la Vall d'en Bas,2026-08-11,0.5
WA,Oliola,2026-08-11,0.0
WB,Albesa,2026-08-11,0.0
WC,Golmés,2026-08-11,0.0
WG,Algerri,2026-08-11,0.0
WI,Maials,2026-08-11,0.0
WJ,el Masroig,2026-08-11,0.0
WK,Alfarràs,2026-08-11,0.0
WL,Sant Martí de Riucorb,2026-08-11,0.0
WM,Santuari de Queralt,2026-08-11,12.5
WN,Montserrat - Sant Dimes,2026-08-11,0.2
WO,la Bisbal del Penedès,2026-08-11,0.0
WP,Canaletes,2026-08-11,0.0
WQ,Montsec d'Ares (1.571 m),2026-08-11,0.0
WR,Torroja del Priorat,2026-08-11,0.0
WS,Viladrau,2026-08-11,0.6
WT,Malgrat de Mar,2026-08-11,0.1
WU,Badalona - Museu,2026-08-11,0.0
WV,Guardiola de Berguedà,2026-08-11,3.3
WW,Artés,2026-08-11,0.1
WX,Camarasa,2026-08-11,0.0
WZ,Cunit,2026-08-11,0.5
X1,Falset,2026-08-11,0.0
X3,Alguaire,2026-08-11,0.0
X4,Barcelona - el Raval,2026-08-11,0.0
X5,PN dels Ports,2026-08-11,0.0
X6,Baldomar,2026-08-11,0.0
X7,Torres de Segre,2026-08-11,0.0
X8,Barcelona - Zona Universitària,2026-08-11,0.0
X9,Caldes de Montbui,2026-08-11,0.0
XA,la Panadella,2026-08-11,0.0
XB,la Llacuna,2026-08-11,0.0
XC,Castellbisbal,2026-08-11,0.1
XD,Ulldemolins,2026-08-11,0.0
XE,Tarragona - Complex Educatiu,2026-08-11,0.0
XF,Sabadell - Parc Agrari,2026-08-11,0.0
XG,Parets del Vallès,2026-08-11,0.0
XH,Sort,2026-08-11,38.7
XI,Mollerussa,2026-08-11,0.0
XJ,Girona,2026-08-11,0.3
XK,Puig Sesolles (1.666 m),2026-08-11,0.3
XL,el Prat de Llobregat,2026-08-11,0.0
XM,els Alamús,2026-08-11,0.0
XN,Seròs,2026-08-11,0.0
XO,Vic,2026-08-11,0.4
XP,Gandesa,2026-08-11,0.0
XQ,Tremp,2026-08-11,0.2
XR,Prades,2026-08-11,0.0
XS,Santa Coloma de Farners,2026-08-11,0.1
XT,Solsona,2026-08-11,6.3
XU,Canyelles,2026-08-11,0.0
XV,Sant Cugat del Vallès - CAR,2026-08-11,0.0
XX,Anglesola - Tornabous,2026-08-11,0.0
XY,Alcarràs,2026-08-11,0.0
XZ,Torroella de Fluvià,2026-08-11,0.0
Y4,Alinyà,2026-08-11,9.6
Y5,Navata,2026-08-11,0.0
Y6,Tivissa,2026-08-11,0.0
YA,Puigcerdà,2026-08-11,7.4
YB,Olot,2026-08-11,1.4
YC,la Pobla de Segur,2026-08-11,1.0
YD,les Borges Blanques,2026-08-11,0.0
YE,Massoteres,2026-08-11,0.1
YF,Miami Platja,2026-08-11,0.0
YG,Tírvia,2026-08-11,26.0
YH,Pujalt,2026-08-11,0.0
YJ,Lleida - la Femosa,2026-08-11,0.0
YK,Terrassa,2026-08-11,0.0
YL,Riudecanyes,2026-08-11,0.0
YM,Granollers,2026-08-11,0.0
YN,Vielha - Elipòrt,2026-08-11,20.1
YO,Sant Sadurní d'Anoia,2026-08-11,0.0
YP,Palafrugell,2026-08-11,0.0
YQ,Port de Barcelona - ZAL Prat,2026-08-11,0.0
YR,Vilanova i la Geltrú,2026-08-11,0.0
YS,Cabanes,2026-08-11,0.1
YT,Bonabé (1.691 m),2026-08-11,0.8
YU,Cantonigròs,2026-08-11,0.4
YV,Mataró,2026-08-11,0.0
YX,Batea,2026-08-11,0.0
YY,Viladecans - les Filipines,2026-08-11,0.0
Z1,Bonaigua (2.262 m),2026-08-11,40.2
Z2,Boí (2.537 m),2026-08-11,38.4
Z3,Malniu (2.229 m),2026-08-11,11.5
Z5,Certascan (2.398 m),2026-08-11,17.1
Z6,Sasseuva (2.226 m),2026-08-11,0.0
Z7,Espot (2.519 m),2026-08-11,26.0
Z9,Cadí Nord (2.145 m) - Prat d'Aguiló,2026-08-11,13.9
ZB,Salòria (2.451 m),2026-08-11,9.3
ZC,Ulldeter (2.413 m),2026-08-11,30.6
ZE,el Port del Comte (2.288 m),2026-08-11,11.4
C6,Castellnou de Seana,2026-08-12,0.0
C7,Tàrrega,2026-08-12,0.0
C8,Cervera,2026-08-12,0.0
C9,Mas de Barberans,2026-08-12,0.0
CC,Orís,2026-08-12,4.3
CD,la Seu d'Urgell - Bellestar,2026-08-12,0.1
CE,els Hostalets de Pierola,2026-08-12,0.0
CG,Molló - Fabert,2026-08-12,0.0
CI,Sant Pau de Segúries,2026-08-12,0.0
CJ,Organyà,2026-08-12,4.3
CL,Sant Salvador de Guardiola,2026-08-12,0.0
CP,Sant Romà d'Abella,2026-08-12,0.0
CQ,Vilanova de Meià,2026-08-12,0.0
CR,la Quar,2026-08-12,0.0
CT,el Pont de Suert,2026-08-12,0.0
CW,l'Espluga de Francolí,2026-08-12,0.0
CY,Muntanyola,2026-08-12,0.0
D1,Margalef,2026-08-12,0.0
D2,Vacarisses,2026-08-12,0.0
D3,Vallirana,2026-08-12,0.0
D4,Roses,2026-08-12,0.0
D5,Barcelona - Observatori Fabra,2026-08-12,0.0
D6,Portbou - coll dels Belitres,2026-08-12,0.0
D7,Vinebre,2026-08-12,0.0
D8,Horta de Sant Joan,2026-08-12,0.0
D9,el Vendrell,2026-08-12,0.0
DB,el Perelló,2026-08-12,0.0
DF,la Bisbal d'Empordà,2026-08-12,0.0
DG,Núria (1.971 m),2026-08-12,0.0
DI,Font-rubí,2026-08-12,0.0
DJ,Banyoles,2026-08-12,0.0
DK,Torredembarra,2026-08-12,0.0
DL,Illa de Buda,2026-08-12,0.0
DN,Anglès,2026-08-12,0.0
DO,Castell d'Aro,2026-08-12,0.0
DP,Das - Aeròdrom,2026-08-12,0.1
DQ,Vila-rodona,2026-08-12,0.0
H1,Òdena,2026-08-12,0.0
J5,Pantà de Darnius - Boadella,2026-08-12,0.0
KE,Pantà de Sau,2026-08-12,0.3
KP,Fogars de la Selva,2026-08-12,0.0
KX,la Roca del Vallès - ETAP Cardedeu,2026-08-12,0.0
M6,Sant Joan de les Abadesses,2026-08-12,0.0
MQ,Cardona,2026-08-12,0.0
MR,Pantà de Siurana,2026-08-12,0.0
MS,Castellar de n'Hug - el Clot del Moro,2026-08-12,0.1
MV,Guixers - Valls,2026-08-12,0.0
MW,Navès,2026-08-12,0.0
U2,Sant Pere Pescador,2026-08-12,0.0
U3,Sant Martí Sarroca,2026-08-12,0.0
U4,Castellnou de Bages,2026-08-12,0.0
U6,Vinyols i els Arcs - Cambrils,2026-08-12,0.0
U7,Aldover,2026-08-12,0.0
U9,l'Aldea,2026-08-12,0.0
UA,l'Ametlla de Mar,2026-08-12,0.0
UB,la Tallada d'Empordà,2026-08-12,0.0
UE,Torroella de Montgrí,2026-08-12,0.0
UF,PN del Garraf - el Rascler,2026-08-12,0.0
UH,el Montmell,2026-08-12,0.0
UI,Gisclareny,2026-08-12,0.0
UJ,Santa Coloma de Queralt,2026-08-12,0.0
UK,Sant Pere de Ribes - PN del Garraf,2026-08-12,0.0
UM,la Granadella,2026-08-12,0.0
UN,Cassà de la Selva,2026-08-12,0.0
UO,Fornells de la Selva,2026-08-12,0.0
UP,Cabrils,2026-08-12,0.0
UQ,Dosrius - PN Montnegre Corredor,2026-08-12,0.0
US,les Cases d'Alcanar,2026-08-12,0.0
UU,Amposta,2026-08-12,0.0
UW,els Alfacs,2026-08-12,0.0
UX,Ulldecona - els Valentins,2026-08-12,0.0
UY,Os de Balaguer - el Monestir d'Avellanes,2026-08-12,0.0
V1,Vallfogona de Balaguer,2026-08-12,0.0
V4,Montesquiu,2026-08-12,1.8
V5,Perafita,2026-08-12,2.0
V8,el Poal,2026-08-12,0.0
VA,Ascó,2026-08-12,0.0
VB,Benissanet,2026-08-12,0.0
VC,Pantà de Riba-roja,2026-08-12,0.0
VD,el Canós,2026-08-12,0.0
VH,Gimenells,2026-08-12,0.0
VK,Raimat,2026-08-12,0.0
VM,Vilanova de Segrià,2026-08-12,0.0
VO,Lladurs,2026-08-12,0.2
VP,Pinós,2026-08-12,0.0
VQ,Constantí,2026-08-12,0.0
VS,Lac Redon (2.245 m),2026-08-12,0.0
VU,Rellinars,2026-08-12,0.0
VV,Sant Llorenç Savall,2026-08-12,0.0
VX,Tagamanent - PN del Montseny,2026-08-12,0.0
VY,Nulles,2026-08-12,0.0
VZ,Espolla,2026-08-12,0.0
W1,Castelló d'Empúries,2026-08-12,0.0
W4,Vilafranca del Penedès - la Granada,2026-08-12,0.0
W5,Oliana,2026-08-12,0.0
W8,Blancafort,2026-08-12,0.0
W9,la Vall d'en Bas,2026-08-12,0.0
WA,Oliola,2026-08-12,0.0
WB,Albesa,2026-08-12,0.0
WC,Golmés,2026-08-12,0.0
WG,Algerri,2026-08-12,0.0
WI,Maials,2026-08-12,0.0
WJ,el Masroig,2026-08-12,0.0
WK,Alfarràs,2026-08-12,0.0
WL,Sant Martí de Riucorb,2026-08-12,0.0
WM,Santuari de Queralt,2026-08-12,0.0
WN,Montserrat - Sant Dimes,2026-08-12,0.0
WO,la Bisbal del Penedès,2026-08-12,0.0
WP,Canaletes,2026-08-12,0.0
WQ,Montsec d'Ares (1.571 m),2026-08-12,0.0
WR,Torroja del Priorat,2026-08-12,0.0
WS,Viladrau,2026-08-12,0.0
WT,Malgrat de Mar,2026-08-12,0.0
WU,Badalona - Museu,2026-08-12,0.0
WV,Guardiola de Berguedà,2026-08-12,0.1
WW,Artés,2026-08-12,0.0
WX,Camarasa,2026-08-12,0.0
WZ,Cunit,2026-08-12,0.0
X1,Falset,2026-08-12,0.0
X3,Alguaire,2026-08-12,0.0
X4,Barcelona - el Raval,2026-08-12,0.0
X5,PN dels Ports,2026-08-12,0.0
X6,Baldomar,2026-08-12,0.0
X7,Torres de Segre,2026-08-12,0.0
X8,Barcelona - Zona Universitària,2026-08-12,0.0
X9,Caldes de Montbui,2026-08-12,0.0
XA,la Panadella,2026-08-12,0.0
XB,la Llacuna,2026-08-12,0.0
XC,Castellbisbal,2026-08-12,0.0
XD,Ulldemolins,2026-08-12,0.5
XE,Tarragona - Complex Educatiu,2026-08-12,0.0
XF,Sabadell - Parc Agrari,2026-08-12,0.0
XG,Parets del Vallès,2026-08-12,0.0
XH,Sort,2026-08-12,2.1
XI,Mollerussa,2026-08-12,0.0
XJ,Girona,2026-08-12,0.0
XK,Puig Sesolles (1.666 m),2026-08-12,0.0
XL,el Prat de Llobregat,2026-08-12,0.0
XM,els Alamús,2026-08-12,0.0
XN,Seròs,2026-08-12,0.0
XO,Vic,2026-08-12,0.0
XP,Gandesa,2026-08-12,0.0
XQ,Tremp,2026-08-12,0.0
XR,Prades,2026-08-12,0.0
XS,Santa Coloma de Farners,2026-08-12,0.0
XT,Solsona,2026-08-12,0.0
XU,Canyelles,2026-08-12,0.0
XV,Sant Cugat del Vallès - CAR,2026-08-12,0.0
XX,Anglesola - Tornabous,2026-08-12,0.0
XY,Alcarràs,2026-08-12,0.0
XZ,Torroella de Fluvià,2026-08-12,0.0
Y4,Alinyà,2026-08-12,0.4
Y5,Navata,2026-08-12,0.0
Y6,Tivissa,2026-08-12,0.0
YA,Puigcerdà,2026-08-12,0.0
YB,Olot,2026-08-12,0.0
YC,la Pobla de Segur,2026-08-12,0.0
YD,les Borges Blanques,2026-08-12,0.0
YE,Massoteres,2026-08-12,0.0
YF,Miami Platja,2026-08-12,0.0
YG,Tírvia,2026-08-12,0.1
YH,Pujalt,2026-08-12,0.0
YJ,Lleida - la Femosa,2026-08-12,0.0
YK,Terrassa,2026-08-12,0.0
YL,Riudecanyes,2026-08-12,0.0
YM,Granollers,2026-08-12,0.0
YN,Vielha - Elipòrt,2026-08-12,0.0
YO,Sant Sadurní d'Anoia,2026-08-12,0.0
YP,Palafrugell,2026-08-12,0.0
YQ,Port de Barcelona - ZAL Prat,2026-08-12,0.0
YR,Vilanova i la Geltrú,2026-08-12,0.0
YS,Cabanes,2026-08-12,0.0
YT,Bonabé (1.691 m),2026-08-12,0.0
YU,Cantonigròs,2026-08-12,0.2
YV,Mataró,2026-08-12,0.0
YX,Batea,2026-08-12,0.0
YY,Viladecans - les Filipines,2026-08-12,0.0
Z1,Bonaigua (2.262 m),2026-08-12,6.7
Z2,Boí (2.537 m),2026-08-12,0.0
Z3,Malniu (2.229 m),2026-08-12,0.0
Z5,Certascan (2.398 m),2026-08-12,0.0
Z6,Sasseuva (2.226 m),2026-08-12,0.4
Z7,Espot (2.519 m),2026-08-12,11.5
Z9,Cadí Nord (2.145 m) - Prat d'Aguiló,2026-08-12,0.0
ZB,Salòria (2.451 m),2026-08-12,0.0
ZC,Ulldeter (2.413 m),2026-08-12,0.0
ZE,el Port del Comte (2.288 m),2026-08-12,0.0
C6,Castellnou de Seana,2026-08-13,0.0
C7,Tàrrega,2026-08-13,0.0
C8,Cervera,2026-08-13,0.0
C9,Mas de Barberans,2026-08-13,0.0
CC,Orís,2026-08-13,6.3
CD,la Seu d'Urgell - Bellestar,2026-08-13,0.9
CE,els Hostalets de Pierola,2026-08-13,0.0
CG,Molló - Fabert,2026-08-13,0.0
CI,Sant Pau de Segúries,2026-08-13,0.0
CJ,Organyà,2026-08-13,3.9
CL,Sant Salvador de Guardiola,2026-08-13,0.0
CP,Sant Romà d'Abella,2026-08-13,0.0
CQ,Vilanova de Meià,2026-08-13,0.0
CR,la Quar,2026-08-13,0.0
CT,el Pont de Suert,2026-08-13,0.8
CW,l'Espluga de Francolí,2026-08-13,0.0
CY,Muntanyola,2026-08-13,1.9
D1,Margalef,2026-08-13,0.0
D2,Vacarisses,2026-08-13,0.0
D3,Vallirana,2026-08-13,0.0
D4,Roses,2026-08-13,0.0
D5,Barcelona - Observatori Fabra,2026-08-13,0.0
D6,Portbou - coll dels Belitres,2026-08-13,0.0
D7,Vinebre,2026-08-13,0.0
D8,Horta de Sant Joan,2026-08-13,0.0
D9,el Vendrell,2026-08-13,0.0
DB,el Perelló,2026-08-13,0.0
DF,la Bisbal d'Empordà,2026-08-13,0.0
DG,Núria (1.971 m),2026-08-13,0.0
DI,Font-rubí,2026-08-13,0.0
DJ,Banyoles,2026-08-13,0.0
DK,Torredembarra,2026-08-13,0.0
DL,Illa de Buda,2026-08-13,0.0
DN,Anglès,2026-08-13,0.0
DO,Castell d'Aro,2026-08-13,0.0
DP,Das - Aeròdrom,2026-08-13,0.0
DQ,Vila-rodona,2026-08-13,0.0
H1,Òdena,2026-08-13,0.0
J5,Pantà de Darnius - Boadella,2026-08-13,0.0
KE,Pantà de Sau,2026-08-13,0.0
KP,Fogars de la Selva,2026-08-13,0.0
KX,la Roca del Vallès - ETAP Cardedeu,2026-08-13,0.0
M6,Sant Joan de les Abadesses,2026-08-13,0.0
MQ,Cardona,2026-08-13,1.5
MR,Pantà de Siurana,2026-08-13,0.0
MS,Castellar de n'Hug - el Clot del Moro,2026-08-13,0.0
MV,Guixers - Valls,2026-08-13,9.8
MW,Navès,2026-08-13,2.1
U2,Sant Pere Pescador,2026-08-13,0.0
U3,Sant Martí Sarroca,2026-08-13,0.0
U4,Castellnou de Bages,2026-08-13,1.0
U6,Vinyols i els Arcs - Cambrils,2026-08-13,0.0
U7,Aldover,2026-08-13,0.0
U9,l'Aldea,2026-08-13,0.0
UA,l'Ametlla de Mar,2026-08-13,0.0
UB,la Tallada d'Empordà,2026-08-13,0.0
UE,Torroella de Montgrí,2026-08-13,0.0
UF,PN del Garraf - el Rascler,2026-08-13,0.0
UH,el Montmell,2026-08-13,0.0
UI,Gisclareny,2026-08-13,8.8
UJ,Santa Coloma de Queralt,2026-08-13,0.0
UK,Sant Pere de Ribes - PN del Garraf,2026-08-13,0.0
UM,la Granadella,2026-08-13,0.0
UN,Cassà de la Selva,2026-08-13,0.0
UO,Fornells de la Selva,2026-08-13,0.0
UP,Cabrils,2026-08-13,0.0
UQ,Dosrius - PN Montnegre Corredor,2026-08-13,0.0
US,les Cases d'Alcanar,2026-08-13,0.0
UU,Amposta,2026-08-13,0.0
UW,els Alfacs,2026-08-13,0.0
UX,Ulldecona - els Valentins,2026-08-13,0.0
UY,Os de Balaguer - el Monestir d'Avellanes,2026-08-13,0.0
V1,Vallfogona de Balaguer,2026-08-13,0.0
V4,Montesquiu,2026-08-13,9.8
V5,Perafita,2026-08-13,5.4
V8,el Poal,2026-08-13,0.0
VA,Ascó,2026-08-13,0.0
VB,Benissanet,2026-08-13,0.0
VC,Pantà de Riba-roja,2026-08-13,0.0
VD,el Canós,2026-08-13,0.0
VH,Gimenells,2026-08-13,0.0
VK,Raimat,2026-08-13,0.0
VM,Vilanova de Segrià,2026-08-13,0.0
VO,Lladurs,2026-08-13,0.0
VP,Pinós,2026-08-13,0.0
VQ,Constantí,2026-08-13,0.0
VS,Lac Redon (2.245 m),2026-08-13,0.0
VU,Rellinars,2026-08-13,0.0
VV,Sant Llorenç Savall,2026-08-13,0.0
VX,Tagamanent - PN del Montseny,2026-08-13,0.0
VY,Nulles,2026-08-13,0.0
VZ,Espolla,2026-08-13,0.0
W1,Castelló d'Empúries,2026-08-13,0.0
W4,Vilafranca del Penedès - la Granada,2026-08-13,0.0
W5,Oliana,2026-08-13,1.0
W8,Blancafort,2026-08-13,0.0
W9,la Vall d'en Bas,2026-08-13,0.0
WA,Oliola,2026-08-13,0.0
WB,Albesa,2026-08-13,0.0
WC,Golmés,2026-08-13,0.0
WG,Algerri,2026-08-13,0.0
WI,Maials,2026-08-13,0.0
WJ,el Masroig,2026-08-13,0.0
WK,Alfarràs,2026-08-13,0.0
WL,Sant Martí de Riucorb,2026-08-13,0.0
WM,Santuari de Queralt,2026-08-13,11.7
WN,Montserrat - Sant Dimes,2026-08-13,0.0
WO,la Bisbal del Penedès,2026-08-13,0.0
WP,Canaletes,2026-08-13,0.0
WQ,Montsec d'Ares (1.571 m),2026-08-13,0.0
WR,Torroja del Priorat,2026-08-13,0.0
WS,Viladrau,2026-08-13,0.0
WT,Malgrat de Mar,2026-08-13,0.0
WU,Badalona - Museu,2026-08-13,0.0
WV,Guardiola de Berguedà,2026-08-13,0.0
WW,Artés,2026-08-13,0.0
WX,Camarasa,2026-08-13,0.0
WZ,Cunit,2026-08-13,0.0
X1,Falset,2026-08-13,0.0
X3,Alguaire,2026-08-13,0.0
X4,Barcelona - el Raval,2026-08-13,0.0
X5,PN dels Ports,2026-08-13,0.0
X6,Baldomar,2026-08-13,0.0
X7,Torres de Segre,2026-08-13,0.0
X8,Barcelona - Zona Universitària,2026-08-13,0.0
X9,Caldes de Montbui,2026-08-13,0.0
XA,la Panadella,2026-08-13,0.0
XB,la Llacuna,2026-08-13,0.0
XC,Castellbisbal,2026-08-13,0.0
XD,Ulldemolins,2026-08-13,0.0
XE,Tarragona - Complex Educatiu,2026-08-13,0.0
XF,Sabadell - Parc Agrari,2026-08-13,0.0
XG,Parets del Vallès,2026-08-13,0.0
XH,Sort,2026-08-13,0.0
XI,Mollerussa,2026-08-13,0.0
XJ,Girona,2026-08-13,0.0
XK,Puig Sesolles (1.666 m),2026-08-13,0.0
XL,el Prat de Llobregat,2026-08-13,0.0
XM,els Alamús,2026-08-13,0.0
XN,Seròs,2026-08-13,0.0
XO,Vic,2026-08-13,0.0
XP,Gandesa,2026-08-13,0.0
XQ,Tremp,2026-08-13,0.0
XR,Prades,2026-08-13,0.0
XS,Santa Coloma de Farners,2026-08-13,0.0
XT,Solsona,2026-08-13,0.0
XU,Canyelles,2026-08-13,0.0
XV,Sant Cugat del Vallès - CAR,2026-08-13,0.0
XX,Anglesola - Tornabous,2026-08-13,0.0
XY,Alcarràs,2026-08-13,0.0
XZ,Torroella de Fluvià,2026-08-13,0.0
Y4,Alinyà,2026-08-13,0.5
Y5,Navata,2026-08-13,0.0
Y6,Tivissa,2026-08-13,0.0
YA,Puigcerdà,2026-08-13,0.0
YB,Olot,2026-08-13,0.0
YC,la Pobla de Segur,2026-08-13,0.0
YD,les Borges Blanques,2026-08-13,0.0
YE,Massoteres,2026-08-13,0.0
YF,Miami Platja,2026-08-13,0.0
YG,Tírvia,2026-08-13,0.0
YH,Pujalt,2026-08-13,0.0
YJ,Lleida - la Femosa,2026-08-13,0.0
YK,Terrassa,2026-08-13,0.0
YL,Riudecanyes,2026-08-13,0.0
YM,Granollers,2026-08-13,0.0
YN,Vielha - Elipòrt,2026-08-13,0.0
YO,Sant Sadurní d'Anoia,2026-08-13,0.0
YP,Palafrugell,2026-08-13,0.0
YQ,Port de Barcelona - ZAL Prat,2026-08-13,0.0
YR,Vilanova i la Geltrú,2026-08-13,0.0
YS,Cabanes,2026-08-13,0.0
YT,Bonabé (1.691 m),2026-08-13,0.0
YU,Cantonigròs,2026-08-13,0.2
YV,Mataró,2026-08-13,0.0
YX,Batea,2026-08-13,0.0
YY,Viladecans - les Filipines,2026-08-13,0.0
Z1,Bonaigua (2.262 m),2026-08-13,0.0
Z2,Boí (2.537 m),2026-08-13,0.8
Z3,Malniu (2.229 m),2026-08-13,0.0
Z5,Certascan (2.398 m),2026-08-13,0.0
Z6,Sasseuva (2.226 m),2026-08-13,0.0
Z7,Espot (2.519 m),2026-08-13,0.0
Z9,Cadí Nord (2.145 m) - Prat d'Aguiló,2026-08-13,0.4
ZB,Salòria (2.451 m),2026-08-13,0.0
ZC,Ulldeter (2.413 m),2026-08-13,0.0
ZE,el Port del Comte (2.288 m),2026-08-13,13.2
C6,Castellnou de Seana,2026-08-14,0.0
C7,Tàrrega,2026-08-14,0.0
C8,Cervera,2026-08-14,0.0
C9,Mas de Barberans,2026-08-14,0.0
CC,Orís,2026-08-14,0.9
CD,la Seu d'Urgell - Bellestar,2026-08-14,0.3
CE,els Hostalets de Pierola,2026-08-14,0.0
CG,Molló - Fabert,2026-08-14,0.0
CI,Sant Pau de Segúries,2026-08-14,0.0
CJ,Organyà,2026-08-14,4.7
CL,Sant Salvador de Guardiola,2026-08-14,0.0
CP,Sant Romà d'Abella,2026-08-14,3.0
CQ,Vilanova de Meià,2026-08-14,5.0
CR,la Quar,2026-08-14,0.0
CT,el Pont de Suert,2026-08-14,0.5
CW,l'Espluga de Francolí,2026-08-14,0.0
CY,Muntanyola,2026-08-14,0.0
D1,Margalef,2026-08-14,0.0
D2,Vacarisses,2026-08-14,0.0
D3,Vallirana,2026-08-14,0.0
D4,Roses,2026-08-14,0.0
D5,Barcelona - Observatori Fabra,2026-08-14,0.0
D6,Portbou - coll dels Belitres,2026-08-14,0.0
D7,Vinebre,2026-08-14,0.0
D8,Horta de Sant Joan,2026-08-14,0.0
D9,el Vendrell,2026-08-14,0.0
DB,el Perelló,2026-08-14,0.0
DF,la Bisbal d'Empordà,2026-08-14,0.0
DG,Núria (1.971 m),2026-08-14,0.0
DI,Font-rubí,2026-08-14,0.0
DJ,Banyoles,2026-08-14,0.0
DK,Torredembarra,2026-08-14,0.0
DL,Illa de Buda,2026-08-14,0.0
DN,Anglès,2026-08-14,0.0
DO,Castell d'Aro,2026-08-14,0.0
DP,Das - Aeròdrom,2026-08-14,4.3
DQ,Vila-rodona,2026-08-14,0.0
H1,Òdena,2026-08-14,0.0
J5,Pantà de Darnius - Boadella,2026-08-14,0.0
KE,Pantà de Sau,2026-08-14,0.1
KP,Fogars de la Selva,2026-08-14,0.0
KX,la Roca del Vallès - ETAP Cardedeu,2026-08-14,0.0
M6,Sant Joan de les Abadesses,2026-08-14,7.0
MQ,Cardona,2026-08-14,0.0
MR,Pantà de Siurana,2026-08-14,0.0
MS,Castellar de n'Hug - el Clot del Moro,2026-08-14,25.6
MV,Guixers - Valls,2026-08-14,6.7
MW,Navès,2026-08-14,0.4
U2,Sant Pere Pescador,2026-08-14,0.0
U3,Sant Martí Sarroca,2026-08-14,0.0
U4,Castellnou de Bages,2026-08-14,0.0
U6,Vinyols i els Arcs - Cambrils,2026-08-14,0.0
U7,Aldover,2026-08-14,0.0
U9,l'Aldea,2026-08-14,0.0
UA,l'Ametlla de Mar,2026-08-14,0.0
UB,la Tallada d'Empordà,2026-08-14,0.0
UE,Torroella de Montgrí,2026-08-14,0.0
UF,PN del Garraf - el Rascler,2026-08-14,0.0
UH,el Montmell,2026-08-14,0.0
UI,Gisclareny,2026-08-14,4.4
UJ,Santa Coloma de Queralt,2026-08-14,0.0
UK,Sant Pere de Ribes - PN del Garraf,2026-08-14,0.0
UM,la Granadella,2026-08-14,5.4
UN,Cassà de la Selva,2026-08-14,0.0
UO,Fornells de la Selva,2026-08-14,0.0
UP,Cabrils,2026-08-14,0.0
UQ,Dosrius - PN Montnegre Corredor,2026-08-14,0.0
US,les Cases d'Alcanar,2026-08-14,0.0
UU,Amposta,2026-08-14,0.0
UW,els Alfacs,2026-08-14,0.0
UX,Ulldecona - els Valentins,2026-08-14,0.0
UY,Os de Balaguer - el Monestir d'Avellanes,2026-08-14,15.2
V1,Vallfogona de Balaguer,2026-08-14,4.3
V4,Montesquiu,2026-08-14,0.1
V5,Perafita,2026-08-14,0.0
V8,el Poal,2026-08-14,0.1
VA,Ascó,2026-08-14,0.0
VB,Benissanet,2026-08-14,0.0
VC,Pantà de Riba-roja,2026-08-14,0.0
VD,el Canós,2026-08-14,0.0
VH,Gimenells,2026-08-14,0.0
VK,Raimat,2026-08-14,0.0
VM,Vilanova de Segrià,2026-08-14,8.9
VO,Lladurs,2026-08-14,47.8
VP,Pinós,2026-08-14,0.0
VQ,Constantí,2026-08-14,0.0
VS,Lac Redon (2.245 m),2026-08-14,14.4
VU,Rellinars,2026-08-14,0.0
VV,Sant Llorenç Savall,2026-08-14,0.0
VX,Tagamanent - PN del Montseny,2026-08-14,0.0
VY,Nulles,2026-08-14,0.0
VZ,Espolla,2026-08-14,0.0
W1,Castelló d'Empúries,2026-08-14,0.0
W4,Vilafranca del Penedès - la Granada,2026-08-14,0.0
W5,Oliana,2026-08-14,12.4
W8,Blancafort,2026-08-14,0.0
W9,la Vall d'en Bas,2026-08-14,0.0
WA,Oliola,2026-08-14,0.0
WB,Albesa,2026-08-14,45.3
WC,Golmés,2026-08-14,0.0
WG,Algerri,2026-08-14,15.8
WI,Maials,2026-08-14,0.0
WJ,el Masroig,2026-08-14,0.0
WK,Alfarràs,2026-08-14,5.6
WL,Sant Martí de Riucorb,2026-08-14,0.0
WM,Santuari de Queralt,2026-08-14,10.7
WN,Montserrat - Sant Dimes,2026-08-14,0.0
WO,la Bisbal del Penedès,2026-08-14,0.0
WP,Canaletes,2026-08-14,0.0
WQ,Montsec d'Ares (1.571 m),2026-08-14,1.9
WR,Torroja del Priorat,2026-08-14,0.0
WS,Viladrau,2026-08-14,0.0
WT,Malgrat de Mar,2026-08-14,0.0
WU,Badalona - Museu,2026-08-14,0.0
WV,Guardiola de Berguedà,2026-08-14,3.9
WW,Artés,2026-08-14,0.0
WX,Camarasa,2026-08-14,5.9
WZ,Cunit,2026-08-14,0.0
X1,Falset,2026-08-14,0.0
X3,Alguaire,2026-08-14,0.0
X4,Barcelona - el Raval,2026-08-14,0.0
X5,PN dels Ports,2026-08-14,0.0
X6,Baldomar,2026-08-14,4.5
X7,Torres de Segre,2026-08-14,0.0
X8,Barcelona - Zona Universitària,2026-08-14,0.0
X9,Caldes de Montbui,2026-08-14,0.0
XA,la Panadella,2026-08-14,0.8
XB,la Llacuna,2026-08-14,0.0
XC,Castellbisbal,2026-08-14,0.0
XD,Ulldemolins,2026-08-14,0.1
XE,Tarragona - Complex Educatiu,2026-08-14,0.0
XF,Sabadell - Parc Agrari,2026-08-14,0.0
XG,Parets del Vallès,2026-08-14,0.0
XH,Sort,2026-08-14,0.0
XI,Mollerussa,2026-08-14,0.0
XJ,Girona,2026-08-14,0.0
XK,Puig Sesolles (1.666 m),2026-08-14,0.0
XL,el Prat de Llobregat,2026-08-14,0.0
XM,els Alamús,2026-08-14,0.1
XN,Seròs,2026-08-14,0.0
XO,Vic,2026-08-14,0.0
XP,Gandesa,2026-08-14,0.0
XQ,Tremp,2026-08-14,2.1
XR,Prades,2026-08-14,0.6
XS,Santa Coloma de Farners,2026-08-14,0.0
XT,Solsona,2026-08-14,10.5
XU,Canyelles,2026-08-14,0.0
XV,Sant Cugat del Vallès - CAR,2026-08-14,0.0
XX,Anglesola - Tornabous,2026-08-14,0.0
XY,Alcarràs,2026-08-14,0.0
XZ,Torroella de Fluvià,2026-08-14,0.0
Y4,Alinyà,2026-08-14,9.4
Y5,Navata,2026-08-14,0.0
Y6,Tivissa,2026-08-14,0.0
YA,Puigcerdà,2026-08-14,0.9
YB,Olot,2026-08-14,0.0
YC,la Pobla de Segur,2026-08-14,4.6
YD,les Borges Blanques,2026-08-14,0.0
YE,Massoteres,2026-08-14,8.6
YF,Miami Platja,2026-08-14,0.0
YG,Tírvia,2026-08-14,0.2
YH,Pujalt,2026-08-14,2.6
YJ,Lleida - la Femosa,2026-08-14,0.0
YK,Terrassa,2026-08-14,0.0
YL,Riudecanyes,2026-08-14,0.0
YM,Granollers,2026-08-14,0.0
YN,Vielha - Elipòrt,2026-08-14,2.7
YO,Sant Sadurní d'Anoia,2026-08-14,0.0
YP,Palafrugell,2026-08-14,0.0
YQ,Port de Barcelona - ZAL Prat,2026-08-14,0.0
YR,Vilanova i la Geltrú,2026-08-14,0.0
YS,Cabanes,2026-08-14,0.0
YT,Bonabé (1.691 m),2026-08-14,0.0
YU,Cantonigròs,2026-08-14,1.5
YV,Mataró,2026-08-14,0.0
YX,Batea,2026-08-14,0.0
YY,Viladecans - les Filipines,2026-08-14,0.0
Z1,Bonaigua (2.262 m),2026-08-14,7.2
Z2,Boí (2.537 m),2026-08-14,4.9
Z3,Malniu (2.229 m),2026-08-14,0.0
Z5,Certascan (2.398 m),2026-08-14,0.0
Z6,Sasseuva (2.226 m),2026-08-14,0.0
Z7,Espot (2.519 m),2026-08-14,3.1
Z9,Cadí Nord (2.145 m) - Prat d'Aguiló,2026-08-14,3.8
ZB,Salòria (2.451 m),2026-08-14,0.3
ZC,Ulldeter (2.413 m),2026-08-14,0.0
ZE,el Port del Comte (2.288 m),2026-08-14,5.9
C6,Castellnou de Seana,2026-08-15,0.0
C7,Tàrrega,2026-08-15,1.3
C8,Cervera,2026-08-15,0.2
C9,Mas de Barberans,2026-08-15,0.7
CC,Orís,2026-08-15,0.8
CD,la Seu d'Urgell - Bellestar,2026-08-15,7.9
CE,els Hostalets de Pierola,2026-08-15,0.0
CG,Molló - Fabert,2026-08-15,4.6
CI,Sant Pau de Segúries,2026-08-15,33.8
CJ,Organyà,2026-08-15,10.0
CL,Sant Salvador de Guardiola,2026-08-15,21.0
CP,Sant Romà d'Abella,2026-08-15,0.0
CQ,Vilanova de Meià,2026-08-15,0.0
CR,la Quar,2026-08-15,25.7
CT,el Pont de Suert,2026-08-15,0.7
CW,l'Espluga de Francolí,2026-08-15,0.7
CY,Muntanyola,2026-08-15,25.0
D1,Margalef,2026-08-15,0.1
D2,Vacarisses,2026-08-15,7.5
D3,Vallirana,2026-08-15,0.0
D4,Roses,2026-08-15,0.0
D5,Barcelona - Observatori Fabra,2026-08-15,0.0
D6,Portbou - coll dels Belitres,2026-08-15,0.0
D7,Vinebre,2026-08-15,0.5
D8,Horta de Sant Joan,2026-08-15,0.0
D9,el Vendrell,2026-08-15,0.0
DB,el Perelló,2026-08-15,0.2
DF,la Bisbal d'Empordà,2026-08-15,0.0
DG,Núria (1.971 m),2026-08-15,11.0
DI,Font-rubí,2026-08-15,0.0
DJ,Banyoles,2026-08-15,0.0
DK,Torredembarra,2026-08-15,0.0
DL,Illa de Buda,2026-08-15,0.2
DN,Anglès,2026-08-15,0.0
DO,Castell d'Aro,2026-08-15,0.0
DP,Das - Aeròdrom,2026-08-15,9.0
DQ,Vila-rodona,2026-08-15,0.0
H1,Òdena,2026-08-15,3.2
J5,Pantà de Darnius - Boadella,2026-08-15,0.0
KE,Pantà de Sau,2026-08-15,1.8
KP,Fogars de la Selva,2026-08-15,0.0
KX,la Roca del Vallès - ETAP Cardedeu,2026-08-15,0.0
M6,Sant Joan de les Abadesses,2026-08-15,3.2
MQ,Cardona,2026-08-15,24.1
MR,Pantà de Siurana,2026-08-15,0.0
MS,Castellar de n'Hug - el Clot del Moro,2026-08-15,3.0
MV,Guixers - Valls,2026-08-15,9.6
MW,Navès,2026-08-15,15.3
U2,Sant Pere Pescador,2026-08-15,0.0
U3,Sant Martí Sarroca,2026-08-15,0.0
U4,Castellnou de Bages,2026-08-15,13.1
U6,Vinyols i els Arcs - Cambrils,2026-08-15,0.5
U7,Aldover,2026-08-15,0.2
U9,l'Aldea,2026-08-15,0.1
UA,l'Ametlla de Mar,2026-08-15,0.2
UB,la Tallada d'Empordà,2026-08-15,0.0
UE,Torroella de Montgrí,2026-08-15,0.0
UF,PN del Garraf - el Rascler,2026-08-15,0.0
UH,el Montmell,2026-08-15,0.0
UI,Gisclareny,2026-08-15,33.0
UJ,Santa Coloma de Queralt,2026-08-15,0.0
UK,Sant Pere de Ribes - PN del Garraf,2026-08-15,0.0
UM,la Granadella,2026-08-15,0.0
UN,Cassà de la Selva,2026-08-15,0.0
UO,Fornells de la Selva,2026-08-15,0.0
UP,Cabrils,2026-08-15,0.0
UQ,Dosrius - PN Montnegre Corredor,2026-08-15,0.0
US,les Cases d'Alcanar,2026-08-15,1.1
UU,Amposta,2026-08-15,0.4
UW,els Alfacs,2026-08-15,0.9
UX,Ulldecona - els Valentins,2026-08-15,0.9
UY,Os de Balaguer - el Monestir d'Avellanes,2026-08-15,0.1
V1,Vallfogona de Balaguer,2026-08-15,0.0
V4,Montesquiu,2026-08-15,0.4
V5,Perafita,2026-08-15,1.5
V8,el Poal,2026-08-15,0.0
VA,Ascó,2026-08-15,0.0
VB,Benissanet,2026-08-15,0.5
VC,Pantà de Riba-roja,2026-08-15,0.0
VD,el Canós,2026-08-15,1.0
VH,Gimenells,2026-08-15,0.0
VK,Raimat,2026-08-15,0.0
VM,Vilanova de Segrià,2026-08-15,0.0
VO,Lladurs,2026-08-15,0.5
VP,Pinós,2026-08-15,16.1
VQ,Constantí,2026-08-15,0.4
VS,Lac Redon (2.245 m),2026-08-15,3.5
VU,Rellinars,2026-08-15,7.9
VV,Sant Llorenç Savall,2026-08-15,5.7
VX,Tagamanent - PN del Montseny,2026-08-15,0.0
VY,Nulles,2026-08-15,0.0
VZ,Espolla,2026-08-15,0.0
W1,Castelló d'Empúries,2026-08-15,0.0
W4,Vilafranca del Penedès - la Granada,2026-08-15,0.0
W5,Oliana,2026-08-15,0.0
W8,Blancafort,2026-08-15,0.0
W9,la Vall d'en Bas,2026-08-15,0.4
WA,Oliola,2026-08-15,0.0
WB,Albesa,2026-08-15,0.0
WC,Golmés,2026-08-15,0.0
WG,Algerri,2026-08-15,0.0
WI,Maials,2026-08-15,0.0
WJ,el Masroig,2026-08-15,0.2
WK,Alfarràs,2026-08-15,0.0
WL,Sant Martí de Riucorb,2026-08-15,4.4
WM,Santuari de Queralt,2026-08-15,21.3
WN,Montserrat - Sant Dimes,2026-08-15,17.7
WO,la Bisbal del Penedès,2026-08-15,0.0
WP,Canaletes,2026-08-15,0.0
WQ,Montsec d'Ares (1.571 m),2026-08-15,0.0
WR,Torroja del Priorat,2026-08-15,0.1
WS,Viladrau,2026-08-15,1.6
WT,Malgrat de Mar,2026-08-15,0.0
WU,Badalona - Museu,2026-08-15,0.0
WV,Guardiola de Berguedà,2026-08-15,12.9
WW,Artés,2026-08-15,49.6
WX,Camarasa,2026-08-15,0.0
WZ,Cunit,2026-08-15,0.0
X1,Falset,2026-08-15,0.7
X3,Alguaire,2026-08-15,0.0
X4,Barcelona - el Raval,2026-08-15,0.0
X5,PN dels Ports,2026-08-15,1.3
X6,Baldomar,2026-08-15,0.0
X7,Torres de Segre,2026-08-15,0.0
X8,Barcelona - Zona Universitària,2026-08-15,0.0
X9,Caldes de Montbui,2026-08-15,0.0
XA,la Panadella,2026-08-15,0.1
XB,la Llacuna,2026-08-15,0.0
XC,Castellbisbal,2026-08-15,0.0
XD,Ulldemolins,2026-08-15,0.0
XE,Tarragona - Complex Educatiu,2026-08-15,0.6
XF,Sabadell - Parc Agrari,2026-08-15,0.0
XG,Parets del Vallès,2026-08-15,0.0
XH,Sort,2026-08-15,0.0
XI,Mollerussa,2026-08-15,0.1
XJ,Girona,2026-08-15,0.0
XK,Puig Sesolles (1.666 m),2026-08-15,13.5
XL,el Prat de Llobregat,2026-08-15,0.0
XM,els Alamús,2026-08-15,0.0
XN,Seròs,2026-08-15,0.0
XO,Vic,2026-08-15,8.1
XP,Gandesa,2026-08-15,0.0
XQ,Tremp,2026-08-15,0.0
XR,Prades,2026-08-15,0.0
XS,Santa Coloma de Farners,2026-08-15,0.0
XT,Solsona,2026-08-15,4.9
XU,Canyelles,2026-08-15,0.0
XV,Sant Cugat del Vallès - CAR,2026-08-15,0.0
XX,Anglesola - Tornabous,2026-08-15,0.0
XY,Alcarràs,2026-08-15,0.0
XZ,Torroella de Fluvià,2026-08-15,0.0
Y4,Alinyà,2026-08-15,0.1
Y5,Navata,2026-08-15,0.0
Y6,Tivissa,2026-08-15,0.0
YA,Puigcerdà,2026-08-15,17.0
YB,Olot,2026-08-15,2.3
YC,la Pobla de Segur,2026-08-15,0.0
YD,les Borges Blanques,2026-08-15,0.0
YE,Massoteres,2026-08-15,0.1
YF,Miami Platja,2026-08-15,0.1
YG,Tírvia,2026-08-15,0.1
YH,Pujalt,2026-08-15,26.8
YJ,Lleida - la Femosa,2026-08-15,0.0
YK,Terrassa,2026-08-15,0.2
YL,Riudecanyes,2026-08-15,0.0
YM,Granollers,2026-08-15,0.0
YN,Vielha - Elipòrt,2026-08-15,1.9
YO,Sant Sadurní d'Anoia,2026-08-15,0.0
YP,Palafrugell,2026-08-15,0.0
YQ,Port de Barcelona - ZAL Prat,2026-08-15,0.0
YR,Vilanova i la Geltrú,2026-08-15,0.0
YS,Cabanes,2026-08-15,0.0
YT,Bonabé (1.691 m),2026-08-15,13.4
YU,Cantonigròs,2026-08-15,0.4
YV,Mataró,2026-08-15,0.0
YX,Batea,2026-08-15,0.0
YY,Viladecans - les Filipines,2026-08-15,0.0
Z1,Bonaigua (2.262 m),2026-08-15,4.2
Z2,Boí (2.537 m),2026-08-15,10.4
Z3,Malniu (2.229 m),2026-08-15,25.5
Z5,Certascan (2.398 m),2026-08-15,7.6
Z6,Sasseuva (2.226 m),2026-08-15,1.7
Z7,Espot (2.519 m),2026-08-15,1.2
Z9,Cadí Nord (2.145 m) - Prat d'Aguiló,2026-08-15,11.9
ZB,Salòria (2.451 m),2026-08-15,8.7
ZC,Ulldeter (2.413 m),2026-08-15,16.2
ZE,el Port del Comte (2.288 m),2026-08-15,4.4
C6,Castellnou de Seana,2026-08-16,0.0
C7,Tàrrega,2026-08-16,0.0
C8,Cervera,2026-08-16,0.0
C9,Mas de Barberans,2026-08-16,0.0
CC,Orís,2026-08-16,0.6
CD,la Seu d'Urgell - Bellestar,2026-08-16,15.8
CE,els Hostalets de Pierola,2026-08-16,0.0
CG,Molló - Fabert,2026-08-16,4.6
CI,Sant Pau de Segúries,2026-08-16,3.1
CJ,Organyà,2026-08-16,0.2
CL,Sant Salvador de Guardiola,2026-08-16,0.0
CP,Sant Romà d'Abella,2026-08-16,0.0
CQ,Vilanova de Meià,2026-08-16,0.0
CR,la Quar,2026-08-16,0.0
CT,el Pont de Suert,2026-08-16,5.4
CW,l'Espluga de Francolí,2026-08-16,0.0
CY,Muntanyola,2026-08-16,0.0
D1,Margalef,2026-08-16,0.0
D2,Vacarisses,2026-08-16,0.0
D3,Vallirana,2026-08-16,0.0
D4,Roses,2026-08-16,0.0
D5,Barcelona - Observatori Fabra,2026-08-16,0.0
D6,Portbou - coll dels Belitres,2026-08-16,0.0
D7,Vinebre,2026-08-16,0.0
D8,Horta de Sant Joan,2026-08-16,0.0
D9,el Vendrell,2026-08-16,0.0
DB,el Perelló,2026-08-16,0.0
DF,la Bisbal d'Empordà,2026-08-16,5.0
DG,Núria (1.971 m),2026-08-16,14.0
DI,Font-rubí,2026-08-16,1.9
DJ,Banyoles,2026-08-16,3.1
DK,Torredembarra,2026-08-16,0.1
DL,Illa de Buda,2026-08-16,0.0
DN,Anglès,2026-08-16,3.5
DO,Castell d'Aro,2026-08-16,0.0
DP,Das - Aeròdrom,2026-08-16,5.4
DQ,Vila-rodona,2026-08-16,0.0
H1,Òdena,2026-08-16,1.4
J5,Pantà de Darnius - Boadella,2026-08-16,5.6
KE,Pantà de Sau,2026-08-16,1.9
KP,Fogars de la Selva,2026-08-16,0.4
KX,la Roca del Vallès - ETAP Cardedeu,2026-08-16,0.0
M6,Sant Joan de les Abadesses,2026-08-16,1.9
MQ,Cardona,2026-08-16,0.2
MR,Pantà de Siurana,2026-08-16,0.0
MS,Castellar de n'Hug - el Clot del Moro,2026-08-16,9.3
MV,Guixers - Valls,2026-08-16,0.0
MW,Navès,2026-08-16,0.0
U2,Sant Pere Pescador,2026-08-16,0.3
U3,Sant Martí Sarroca,2026-08-16,0.0
U4,Castellnou de Bages,2026-08-16,0.0
U6,Vinyols i els Arcs - Cambrils,2026-08-16,0.0
U7,Aldover,2026-08-16,0.0
U9,l'Aldea,2026-08-16,0.0
UA,l'Ametlla de Mar,2026-08-16,0.0
UB,la Tallada d'Empordà,2026-08-16,1.5
UE,Torroella de Montgrí,2026-08-16,1.8
UF,PN del Garraf - el Rascler,2026-08-16,0.0
UH,el Montmell,2026-08-16,0.0
UI,Gisclareny,2026-08-16,3.9
UJ,Santa Coloma de Queralt,2026-08-16,0.0
UK,Sant Pere de Ribes - PN del Garraf,2026-08-16,0.0
UM,la Granadella,2026-08-16,0.0
UN,Cassà de la Selva,2026-08-16,0.1
UO,Fornells de la Selva,2026-08-16,3.0
UP,Cabrils,2026-08-16,0.0
UQ,Dosrius - PN Montnegre Corredor,2026-08-16,0.0
US,les Cases d'Alcanar,2026-08-16,0.0
UU,Amposta,2026-08-16,0.0
UW,els Alfacs,2026-08-16,0.0
UX,Ulldecona - els Valentins,2026-08-16,0.0
UY,Os de Balaguer - el Monestir d'Avellanes,2026-08-16,0.0
V1,Vallfogona de Balaguer,2026-08-16,0.0
V4,Montesquiu,2026-08-16,2.0
V5,Perafita,2026-08-16,1.4
V8,el Poal,2026-08-16,0.0
VA,Ascó,2026-08-16,0.1
VB,Benissanet,2026-08-16,0.0
VC,Pantà de Riba-roja,2026-08-16,0.0
VD,el Canós,2026-08-16,0.0
VH,Gimenells,2026-08-16,0.0
VK,Raimat,2026-08-16,0.0
VM,Vilanova de Segrià,2026-08-16,0.0
VO,Lladurs,2026-08-16,0.0
VP,Pinós,2026-08-16,0.0
VQ,Constantí,2026-08-16,0.0
VS,Lac Redon (2.245 m),2026-08-16,5.7
VU,Rellinars,2026-08-16,0.0
VV,Sant Llorenç Savall,2026-08-16,0.0
VX,Tagamanent - PN del Montseny,2026-08-16,0.0
VY,Nulles,2026-08-16,0.0
VZ,Espolla,2026-08-16,0.0
W1,Castelló d'Empúries,2026-08-16,0.8
W4,Vilafranca del Penedès - la Granada,2026-08-16,0.0
W5,Oliana,2026-08-16,0.0
W8,Blancafort,2026-08-16,0.0
W9,la Vall d'en Bas,2026-08-16,2.2
WA,Oliola,2026-08-16,0.0
WB,Albesa,2026-08-16,0.0
WC,Golmés,2026-08-16,0.0
WG,Algerri,2026-08-16,0.0
WI,Maials,2026-08-16,0.0
WJ,el Masroig,2026-08-16,0.0
WK,Alfarràs,2026-08-16,0.0
WL,Sant Martí de Riucorb,2026-08-16,0.0
WM,Santuari de Queralt,2026-08-16,0.1
WN,Montserrat - Sant Dimes,2026-08-16,0.0
WO,la Bisbal del Penedès,2026-08-16,0.0
WP,Canaletes,2026-08-16,4.3
WQ,Montsec d'Ares (1.571 m),2026-08-16,0.0
WR,Torroja del Priorat,2026-08-16,0.1
WS,Viladrau,2026-08-16,1.7
WT,Malgrat de Mar,2026-08-16,0.0
WU,Badalona - Museu,2026-08-16,0.0
WV,Guardiola de Berguedà,2026-08-16,3.6
WW,Artés,2026-08-16,0.0
WX,Camarasa,2026-08-16,0.0
WZ,Cunit,2026-08-16,0.1
X1,Falset,2026-08-16,0.0
X3,Alguaire,2026-08-16,0.0
X4,Barcelona - el Raval,2026-08-16,0.0
X5,PN dels Ports,2026-08-16,0.6
X6,Baldomar,2026-08-16,0.0
X7,Torres de Segre,2026-08-16,0.0
X8,Barcelona - Zona Universitària,2026-08-16,0.0
X9,Caldes de Montbui,2026-08-16,0.0
XA,la Panadella,2026-08-16,0.4
XB,la Llacuna,2026-08-16,0.0
XC,Castellbisbal,2026-08-16,0.0
XD,Ulldemolins,2026-08-16,0.0
XE,Tarragona - Complex Educatiu,2026-08-16,0.0
XF,Sabadell - Parc Agrari,2026-08-16,0.0
XG,Parets del Vallès,2026-08-16,0.0
XH,Sort,2026-08-16,6.3
XI,Mollerussa,2026-08-16,0.0
XJ,Girona,2026-08-16,25.9
XK,Puig Sesolles (1.666 m),2026-08-16,0.3
XL,el Prat de Llobregat,2026-08-16,0.0
XM,els Alamús,2026-08-16,0.0
XN,Seròs,2026-08-16,0.0
XO,Vic,2026-08-16,0.0
XP,Gandesa,2026-08-16,0.0
XQ,Tremp,2026-08-16,0.0
XR,Prades,2026-08-16,0.0
XS,Santa Coloma de Farners,2026-08-16,8.5
XT,Solsona,2026-08-16,0.0
XU,Canyelles,2026-08-16,0.1
XV,Sant Cugat del Vallès - CAR,2026-08-16,0.0
XX,Anglesola - Tornabous,2026-08-16,0.0
XY,Alcarràs,2026-08-16,0.0
XZ,Torroella de Fluvià,2026-08-16,0.4
Y4,Alinyà,2026-08-16,0.0
Y5,Navata,2026-08-16,4.7
Y6,Tivissa,2026-08-16,0.0
YA,Puigcerdà,2026-08-16,2.3
YB,Olot,2026-08-16,1.0
YC,la Pobla de Segur,2026-08-16,10.0
YD,les Borges Blanques,2026-08-16,0.0
YE,Massoteres,2026-08-16,0.0
YF,Miami Platja,2026-08-16,0.0
YG,Tírvia,2026-08-16,2.4
YH,Pujalt,2026-08-16,0.3
YJ,Lleida - la Femosa,2026-08-16,0.0
YK,Terrassa,2026-08-16,0.0
YL,Riudecanyes,2026-08-16,0.0
YM,Granollers,2026-08-16,0.0
YN,Vielha - Elipòrt,2026-08-16,2.8
YO,Sant Sadurní d'Anoia,2026-08-16,0.4
YP,Palafrugell,2026-08-16,0.6
YQ,Port de Barcelona - ZAL Prat,2026-08-16,0.0
YR,Vilanova i la Geltrú,2026-08-16,0.1
YS,Cabanes,2026-08-16,0.0
YT,Bonabé (1.691 m),2026-08-16,15.5
YU,Cantonigròs,2026-08-16,0.0
YV,Mataró,2026-08-16,0.0
YX,Batea,2026-08-16,0.0
YY,Viladecans - les Filipines,2026-08-16,0.0
Z1,Bonaigua (2.262 m),2026-08-16,4.0
Z2,Boí (2.537 m),2026-08-16,1.6
Z3,Malniu (2.229 m),2026-08-16,10.0
Z5,Certascan (2.398 m),2026-08-16,7.3
Z6,Sasseuva (2.226 m),2026-08-16,0.7
Z7,Espot (2.519 m),2026-08-16,7.3
Z9,Cadí Nord (2.145 m) - Prat d'Aguiló,2026-08-16,25.6
ZB,Salòria (2.451 m),2026-08-16,1.9
ZC,Ulldeter (2.413 m),2026-08-16,19.5
ZE,el Port del Comte (2.288 m),2026-08-16,0.0
